EmployeeID,Name,Department,Salary,Email
1,Frank Anderson,Legal,132098,frank.anderson1@example.com
2,Heidi Smith,HR,138045,heidi.smith2@example.com
3,Bob Brown,Sales,110111,bob.brown3@example.com
4,Ivan Anderson,Legal,116846,ivan.anderson4@example.com
5,Diana Anderson,Marketing,136075,diana.anderson5@example.com
6,Eve Thomas,Sales,84824,eve.thomas6@example.com
7,Diana Smith,Finance,76284,diana.smith7@example.com
8,Bob Brown,Legal,66976,bob.brown8@example.com
9,Peggy Taylor,Marketing,116062,peggy.taylor9@example.com
10,Grace Harris,Legal,61174,grace.harris10@example.com
11,Sybil White,Legal,99794,sybil.white11@example.com
12,Ivan Davis,HR,56529,ivan.davis12@example.com
13,Sybil Wilson,Sales,137054,sybil.wilson13@example.com
14,Grace Ross,Marketing,77838,grace.ross14@example.com
15,Eve Harris,Legal,100166,eve.harris15@example.com
16,Heidi Smith,Engineering,128864,heidi.smith16@example.com
17,Heidi Wilson,HR,58094,heidi.wilson17@example.com
18,Frank Martin,Sales,105217,frank.martin18@example.com
19,Judy Johnson,Legal,86074,judy.johnson19@example.com
20,Bob Miller,Engineering,92524,bob.miller20@example.com
21,Mallory Davis,Marketing,113802,mallory.davis21@example.com
22,Frank Anderson,Marketing,126059,frank.anderson22@example.com
23,Sybil Johnson,Engineering,59972,sybil.johnson23@example.com
24,Bob Johnson,Marketing,109866,bob.johnson24@example.com
25,Judy Moore,Sales,57249,judy.moore25@example.com
26,Heidi Smith,Legal,138769,heidi.smith26@example.com
27,Trent Davis,Engineering,99525,trent.davis27@example.com
28,Bob Jackson,Finance,148403,bob.jackson28@example.com
29,Judy Moore,Engineering,96932,judy.moore29@example.com
30,Alice Johnson,Legal,105900,alice.johnson30@example.com
31,Diana Jackson,Sales,84983,diana.jackson31@example.com
32,Bob White,Sales,81455,bob.white32@example.com
33,Victor Johnson,Legal,129054,victor.johnson33@example.com
34,Peggy White,Legal,96935,peggy.white34@example.com
35,Grace Davis,Marketing,57214,grace.davis35@example.com
36,Peggy Harris,Marketing,108245,peggy.harris36@example.com
37,Judy Wilson,Engineering,59077,judy.wilson37@example.com
38,Heidi Ross,Sales,118813,heidi.ross38@example.com
39,Sybil Thomas,Marketing,51255,sybil.thomas39@example.com
40,Grace Martin,Finance,129295,grace.martin40@example.com
41,Peggy Smith,Sales,58739,peggy.smith41@example.com
42,Sybil Martin,HR,135213,sybil.martin42@example.com
43,Alice White,Finance,120196,alice.white43@example.com
44,Bob Jackson,Finance,78876,bob.jackson44@example.com
45,Sybil Martin,Engineering,52335,sybil.martin45@example.com
46,Eve Jackson,Sales,75813,eve.jackson46@example.com
47,Heidi Harris,Engineering,55184,heidi.harris47@example.com
48,Bob Taylor,Marketing,81978,bob.taylor48@example.com
49,Diana Miller,Finance,63442,diana.miller49@example.com
50,Mallory Moore,Marketing,94437,mallory.moore50@example.com
51,Mallory Wilson,Legal,70853,mallory.wilson51@example.com
52,Mallory Brown,Sales,111885,mallory.brown52@example.com
53,Victor Johnson,Finance,127065,victor.johnson53@example.com
54,Alice Johnson,Finance,124620,alice.johnson54@example.com
55,Ivan Taylor,Sales,112352,ivan.taylor55@example.com
56,Judy Anderson,Sales,147615,judy.anderson56@example.com
57,Judy Martin,Engineering,131818,judy.martin57@example.com
58,Victor Harris,Sales,135928,victor.harris58@example.com
59,Charlie Ross,Finance,57378,charlie.ross59@example.com
60,Victor Harris,Sales,79792,victor.harris60@example.com
61,Charlie Miller,Marketing,125551,charlie.miller61@example.com
62,Judy Johnson,Engineering,77967,judy.johnson62@example.com
63,Judy Smith,Engineering,53431,judy.smith63@example.com
64,Charlie White,Marketing,118533,charlie.white64@example.com
65,Diana Brown,Legal,123737,diana.brown65@example.com
66,Ivan Jackson,Sales,107546,ivan.jackson66@example.com
67,Trent Moore,Sales,92240,trent.moore67@example.com
68,Trent Harris,Sales,109084,trent.harris68@example.com
69,Sybil Moore,Finance,56954,sybil.moore69@example.com
70,Charlie Harris,Engineering,58639,charlie.harris70@example.com
71,Bob Harris,HR,127809,bob.harris71@example.com
72,Judy Taylor,Engineering,131468,judy.taylor72@example.com
73,Bob Brown,Engineering,145468,bob.brown73@example.com
74,Heidi Martin,Engineering,127904,heidi.martin74@example.com
75,Alice Wilson,Sales,142552,alice.wilson75@example.com
76,Eve Taylor,Sales,142972,eve.taylor76@example.com
77,Heidi Brown,Marketing,111170,heidi.brown77@example.com
78,Diana Johnson,Engineering,85260,diana.johnson78@example.com
79,Charlie Miller,Marketing,56874,charlie.miller79@example.com
80,Frank Ross,Legal,139289,frank.ross80@example.com
81,Ivan Harris,HR,130256,ivan.harris81@example.com
82,Charlie Davis,HR,106723,charlie.davis82@example.com
83,Diana Moore,Marketing,66430,diana.moore83@example.com
84,Heidi White,Sales,107903,heidi.white84@example.com
85,Heidi Johnson,Sales,61410,heidi.johnson85@example.com
86,Alice Wilson,HR,50388,alice.wilson86@example.com
87,Eve Wilson,Sales,98722,eve.wilson87@example.com
88,Trent Miller,Engineering,58372,trent.miller88@example.com
89,Alice Smith,Engineering,107549,alice.smith89@example.com
90,Bob Davis,Marketing,117957,bob.davis90@example.com
91,Ivan White,HR,65719,ivan.white91@example.com
92,Grace Ross,Legal,68773,grace.ross92@example.com
93,Frank Thomas,Finance,84873,frank.thomas93@example.com
94,Grace Jackson,Sales,56223,grace.jackson94@example.com
95,Charlie Harris,Marketing,100495,charlie.harris95@example.com
96,Ivan Davis,Sales,130659,ivan.davis96@example.com
97,Frank Anderson,Finance,146011,frank.anderson97@example.com
98,Victor Ross,Legal,60739,victor.ross98@example.com
99,Eve Ross,Legal,81723,eve.ross99@example.com
100,Trent Miller,Finance,110155,trent.miller100@example.com
